date,event_count
2023-02-21,2
2023-02-24,1
2023-03-17,2
2023-03-22,3
2023-03-24,5
2023-04-05,2
2023-05-17,2
2023-05-29,4
2023-05-30,3
2023-05-31,3
2023-06-01,2
2023-06-05,1
2023-06-07,1
2023-06-09,1
2023-06-19,4
2023-06-23,15524
2023-06-24,1056
2023-06-25,349
2023-06-26,281
2023-06-27,158
2023-07-12,21
2023-07-26,12
2023-07-27,4
2023-07-28,2
2023-07-30,1
2023-08-08,34
2023-08-16,6
2023-08-22,14
2023-08-23,9
2023-08-24,1
2023-08-30,1
2023-08-31,1
2023-09-04,5
2023-09-05,10
2023-09-06,30
2023-09-07,15
2023-09-08,17
2023-09-09,10
2023-09-10,11
2023-09-11,44
2023-09-12,12
2023-09-13,36
2023-09-14,8
2023-09-15,4441
2023-09-16,435
2023-09-17,65
2023-09-18,33
2023-09-19,675
2023-09-20,149
2023-09-21,113
2023-09-22,101
2023-09-23,55
2023-09-24,58
2023-09-25,142
2023-09-26,294
2023-09-27,44
2023-09-28,31
2023-09-29,1567
2023-09-30,131
2023-10-01,48
2023-10-02,42
2023-10-03,20
2023-10-04,39
2023-10-11,49
2023-10-12,535
2023-10-13,654
2023-10-14,197
2023-10-15,143
2023-10-16,166
2023-10-17,138
2023-10-18,47
2023-10-19,64
2023-10-20,36
2023-10-21,18
2023-10-22,22
2023-10-23,141
2023-10-24,42
2023-10-25,24
2023-10-26,57
2023-10-28,1
2023-10-31,1
2023-11-01,4
2023-11-02,29
2023-11-03,3
2023-11-04,2
2023-11-05,1
2023-11-06,16
2023-11-07,21
2023-11-08,44
2023-11-09,10
2023-11-10,39
2023-11-11,15
2023-11-12,1
2023-11-13,114
2023-11-14,189
2023-11-15,25
2023-11-16,23
2023-11-17,43
2023-11-18,1
2023-11-20,15
2023-11-21,1
2023-11-22,2189
2023-11-23,1649
2023-11-24,323
2023-11-25,177
2023-11-26,114
2023-11-27,131
2023-11-28,33
2023-11-29,24
2023-11-30,45
2023-12-01,37
2023-12-02,15
2023-12-03,4
2023-12-04,152
2023-12-05,188
2023-12-06,427
2023-12-07,68
2023-12-08,63
2023-12-09,3
2023-12-10,6
2023-12-11,52
2023-12-12,71
2023-12-13,93
2023-12-14,56
2023-12-15,7
2023-12-16,4
2023-12-17,5
2023-12-18,60317
2023-12-19,6603
2023-12-20,6201
2023-12-21,3741
2023-12-22,810
2023-12-23,356
2023-12-24,275
2023-12-25,179
2023-12-26,174
2023-12-27,190
2023-12-28,187
2023-12-29,120
2023-12-30,81
2023-12-31,88
2024-01-01,43
2024-01-02,24
2024-01-03,24
2024-01-04,72
2024-01-05,68
2024-01-06,59
2024-01-07,33
2024-01-08,32
2024-01-09,196
2024-01-10,121
2024-01-11,85053
2024-01-12,128794
2024-01-13,171327
2024-01-14,180541
2024-01-15,166006
2024-01-16,159010
2024-01-17,187833
2024-01-18,208782
2024-01-19,291
2024-01-20,124
2024-01-21,118
2024-01-22,156
2024-01-23,122
2024-01-24,134
2024-01-25,142
2024-01-26,91683
2024-01-27,6073
2024-01-28,680
2024-01-29,392
2024-01-30,532
2024-01-31,333
2024-02-01,310
2024-02-02,175
2024-02-03,131
2024-02-04,100
2024-02-05,5325
2024-02-06,5796
2024-02-07,1041
2024-02-08,13358
2024-02-09,2476
2024-02-10,1115
2024-02-11,774
2024-02-12,1942
2024-02-13,189
2024-02-14,191
2024-02-15,170
2024-02-16,143
2024-02-17,102
2024-02-18,65
2024-02-19,122
2024-02-20,1452
2024-02-21,19784
2024-02-22,3015
2024-02-23,612
2024-02-24,14098
2024-02-25,2160
2024-02-26,1434
2024-02-27,131
2024-02-28,168
2024-02-29,74
2024-03-01,796
2024-03-02,174
2024-03-03,97
2024-03-04,146
2024-03-05,107
2024-03-06,121
2024-03-07,122
2024-03-08,137
2024-03-09,71
2024-03-10,65
2024-03-11,114
2024-03-12,134
2024-03-13,116
2024-03-14,123
2024-03-15,106
2024-03-16,80
2024-03-17,85
2024-03-18,241
2024-03-19,117
2024-03-20,3560
2024-03-21,87000
2024-03-22,13192
2024-03-23,971
2024-03-24,303
2024-03-25,362
2024-03-26,283
2024-03-27,226
2024-03-28,273
2024-03-29,438
2024-03-30,94
2024-03-31,77
2024-04-01,147
2024-04-02,5287
2024-04-03,748
2024-04-04,93
2024-04-05,1522
2024-04-06,185
2024-04-07,113
2024-04-08,307
2024-04-09,131
2024-04-10,118
2024-04-11,1387
2024-04-12,4605
2024-04-13,578
2024-04-14,181
2024-04-15,3465
2024-04-16,624
2024-04-17,190
2024-04-18,141
2024-04-19,141
2024-04-20,111
2024-04-21,92
2024-04-22,93
2024-04-23,82610
2024-04-24,10275
2024-04-25,3094
2024-04-26,3187
2024-04-27,68
2024-04-28,45
2024-04-29,47
2024-04-30,76
2024-05-01,1271
2024-05-02,173
2024-05-03,73
2024-05-04,46
2024-05-05,41
2024-05-06,62
2024-05-07,90
2024-05-08,177
2024-05-09,77
2024-05-10,89
2024-05-11,38
2024-05-12,34
2024-05-13,466
2024-05-14,387
2024-05-15,197
2024-05-16,86769
2024-05-17,17127
2024-05-18,1488
2024-05-19,598
2024-05-20,3986
2024-05-21,2247
2024-05-22,351
2024-05-23,203
2024-05-24,961
2024-05-25,224
2024-05-26,92
2024-05-27,1295
2024-05-28,214
2024-05-29,131
2024-05-30,105
2024-05-31,112
2024-06-01,54
2024-06-02,29
2024-06-03,53
2024-06-04,50
2024-06-05,238
2024-06-06,70
2024-06-07,165
2024-06-08,49
2024-06-09,45
2024-06-10,616
2024-06-11,386
2024-06-12,254
2024-06-13,179
2024-06-14,3755
2024-06-15,671
2024-06-16,356
2024-06-17,326
2024-06-18,78309
2024-06-19,6926
2024-06-20,2471
2024-06-21,17548
2024-06-22,11834
2024-06-23,9016
2024-06-24,1863
2024-06-25,210
2024-06-26,1795
2024-06-27,543
2024-06-28,268
2024-06-29,97
2024-06-30,11265
2024-07-01,1408
2024-07-02,295
2024-07-03,82
2024-07-04,84
2024-07-05,83
2024-07-06,38
2024-07-07,35
2024-07-08,67
2024-07-09,216
2024-07-10,187
2024-07-11,109
2024-07-12,4102
2024-07-13,814
2024-07-14,211
2024-07-15,169
2024-07-16,61933
2024-07-17,24989
2024-07-18,4217
2024-07-19,2790
2024-07-20,1024
2024-07-21,471
2024-07-22,431
2024-07-23,594
2024-07-24,354
2024-07-25,270
2024-07-26,4728
2024-07-27,432
2024-07-28,202
2024-07-29,306
2024-07-30,192
2024-07-31,122
2024-08-01,4828
2024-08-02,429
2024-08-03,156
2024-08-04,93
2024-08-05,196
2024-08-06,3171
2024-08-07,328
2024-08-08,91
2024-08-09,73
2024-08-10,35
2024-08-11,24
2024-08-12,32
2024-08-13,55
2024-08-14,61
2024-08-15,52
2024-08-16,87250
2024-08-17,17440
2024-08-18,5138
2024-08-19,3930
2024-08-20,1637
2024-08-21,20164
2024-08-22,1274
2024-08-23,266
2024-08-24,105
2024-08-25,59
2024-08-26,327
2024-08-27,136
2024-08-28,91
2024-08-29,88
2024-08-30,98
2024-08-31,51
2024-09-01,26
2024-09-02,1024
2024-09-03,174
2024-09-04,82
2024-09-05,14535
2024-09-06,176
2024-09-07,60
2024-09-08,36
2024-09-09,127
2024-09-10,178
2024-09-11,254
2024-09-12,77
2024-09-13,9412
2024-09-14,2976
2024-09-15,1859
2024-09-16,49
2024-09-17,85179
2024-09-18,15948
2024-09-19,4203
2024-09-20,1035
2024-09-21,474
2024-09-22,22
2024-09-23,35
2024-09-24,174
2024-09-25,272
2024-09-26,232
2024-09-27,61744
2024-09-28,63472
2024-09-29,34987
2024-09-30,872
2024-10-01,4627
2024-10-02,432
2024-10-03,503
2024-10-04,19346
2024-10-05,61558
2024-10-06,43958
2024-10-07,9541
2024-10-08,20486
2024-10-09,8082
2024-10-10,21880
2024-10-11,7735
2024-10-12,4649
2024-10-13,2210
2024-10-14,4388
2024-10-15,93075
2024-10-16,18019
2024-10-17,3889
2024-10-18,26749
2024-10-19,5894
2024-10-20,2619
2024-10-21,3271
2024-10-22,1024
2024-10-23,827
2024-10-24,16590
2024-10-25,26613
2024-10-26,7669
2024-10-27,3924
2024-10-28,18179
2024-10-29,11511
2024-10-30,17295
2024-10-31,17329
2024-11-01,120
2024-11-02,69
2024-11-03,42
2024-11-04,30
2024-11-05,95
2024-11-06,1105
2024-11-07,166
2024-11-08,120
2024-11-09,38
2024-11-10,20
2024-11-11,63
2024-11-12,62
2024-11-13,75
2024-11-14,67
2024-11-15,2638
2024-11-16,84780
2024-11-17,5367
2024-11-18,483
2024-11-19,246
2024-11-20,697
2024-11-21,2295
2024-11-22,420
2024-11-23,207
2024-11-24,246
2024-11-25,3746
2024-11-26,2503
2024-11-27,2366
2024-11-28,245
2024-11-29,6208
2024-11-30,35077
2024-12-01,11265
2024-12-02,1982
2024-12-03,1373
2024-12-04,7055
2024-12-05,2621
2024-12-06,1300
2024-12-07,1182
2024-12-08,1134
2024-12-09,302
2024-12-10,325
2024-12-11,253
2024-12-12,1817
2024-12-13,728
2024-12-14,2635
2024-12-15,3004
2024-12-16,96705
2024-12-17,17860
2024-12-18,4012
2024-12-19,1260
2024-12-20,17073
2024-12-21,2267
2024-12-22,822
2024-12-23,1110
2024-12-24,690
2024-12-25,1189
2024-12-26,376
2024-12-27,236
2024-12-28,48
2024-12-29,58
2024-12-30,65
2024-12-31,197
2025-01-01,113
2025-01-02,250
2025-01-03,33
2025-01-04,56
2025-01-05,31
2025-01-06,118
2025-01-07,60
2025-01-08,54
2025-01-09,47
2025-01-10,8501
2025-01-11,276
2025-01-12,108
2025-01-13,184
2025-01-14,122
2025-01-15,86
2025-01-16,1704
2025-01-17,235
2025-01-18,110
2025-01-19,43
2025-01-20,92260
2025-01-21,16164
2025-01-22,17991
2025-01-23,3138
2025-01-24,2851
2025-01-25,20
2025-01-26,11
2025-01-27,65
2025-01-28,62
2025-01-29,51
2025-01-30,50
2025-01-31,150
2025-02-01,63
2025-02-02,57
2025-02-03,99
2025-02-04,112
2025-02-05,974
2025-02-06,229
2025-02-07,606
2025-02-08,335
2025-02-09,128
2025-02-10,282
2025-02-11,262
2025-02-12,246
2025-02-13,2187
2025-02-14,2165
2025-02-15,306
2025-02-16,112
2025-02-17,105495
2025-02-18,18548
2025-02-19,1516
2025-02-20,3726
2025-02-21,685
2025-02-22,302
2025-02-23,257
2025-02-24,250
2025-02-25,311
2025-02-26,704
2025-02-27,289
2025-02-28,5282
2025-03-01,533
2025-03-02,2462
2025-03-03,842
2025-03-04,357
2025-03-05,311
2025-03-06,382
2025-03-07,4858
2025-03-08,19837
2025-03-09,1666
2025-03-10,1832
2025-03-11,1657
2025-03-12,2044
2025-03-13,1437
2025-03-14,1239
2025-03-15,877
2025-03-16,841
2025-03-17,84719
2025-03-18,9618
2025-03-19,55422
2025-03-20,14202
2025-03-21,3949
2025-03-22,12868
2025-03-23,1581
2025-03-24,687
2025-03-25,459
2025-03-26,500
2025-03-27,478
2025-03-28,1732
2025-03-29,513
2025-03-30,251
2025-03-31,627
2025-04-01,158
2025-04-02,86
2025-04-03,33
2025-04-04,52
2025-04-05,41
2025-04-06,20
2025-04-07,43
2025-04-08,42
2025-04-09,42
2025-04-10,58
2025-04-11,36
2025-04-12,14
2025-04-13,15
2025-04-14,66
2025-04-15,82
2025-04-16,83098
2025-04-17,29167
2025-04-18,4022
2025-04-19,392
2025-04-20,546
2025-04-21,3767
2025-04-22,2921
2025-04-23,597
2025-04-24,294
2025-04-25,430
2025-04-26,447
2025-04-27,398
2025-04-28,307
2025-04-29,308
2025-04-30,259
2025-05-01,40
2025-05-02,54
2025-05-03,34
2025-05-04,27
2025-05-05,59
2025-05-06,80
2025-05-07,56
2025-05-08,40
2025-05-09,103
2025-05-10,19
2025-05-11,16
2025-05-12,159
2025-05-13,1180
2025-05-14,342
2025-05-15,213
2025-05-16,102
2025-05-17,8570
2025-05-18,1427
2025-05-19,654
2025-05-20,670
2025-05-21,353
2025-05-22,729
2025-05-23,328
2025-05-24,188
2025-05-25,232
2025-05-26,283
2025-05-27,284
2025-05-28,1942
2025-05-29,506
2025-05-30,241
2025-05-31,247
2025-06-01,47
2025-06-02,79
2025-06-03,81
2025-06-04,56
2025-06-05,56
2025-06-06,135
2025-06-07,31
2025-06-08,24
2025-06-09,58
2025-06-10,257
2025-06-11,175
2025-06-12,117
2025-06-13,136
2025-06-14,52
2025-06-15,21
2025-06-16,107
2025-06-17,174
2025-06-18,78983
2025-06-19,14944
2025-06-20,3695
2025-06-21,2204
2025-06-22,4118
2025-06-23,468
2025-06-24,247
2025-06-25,857
2025-06-26,571
2025-06-27,289
2025-06-28,208
2025-06-29,159
2025-06-30,1256
2025-07-01,672
2025-07-02,837
2025-07-03,503
2025-07-04,150
2025-07-05,51
2025-07-06,864
2025-07-07,205
2025-07-08,102
2025-07-09,220
2025-07-10,68
2025-07-11,615
2025-07-12,235
2025-07-13,87
2025-07-14,691
2025-07-15,510
2025-07-16,6170
2025-07-17,898
2025-07-18,60370
2025-07-19,47491
2025-07-20,3873
2025-07-21,1904
2025-07-22,1418
2025-07-23,1530
2025-07-24,548
2025-07-25,424
2025-07-26,13805
2025-07-27,1514
2025-07-28,1646
2025-07-29,605
2025-07-30,1856
2025-07-31,718
2025-08-01,362
2025-08-02,30
2025-08-03,29
2025-08-04,79
2025-08-05,120
2025-08-06,82
2025-08-07,4258
2025-08-08,486
2025-08-09,138
2025-08-10,106
2025-08-11,116
2025-08-12,121
2025-08-13,83457
2025-08-14,17290
2025-08-15,5182
2025-08-16,2699
2025-08-17,1124
2025-08-18,550
2025-08-19,850
2025-08-20,812
2025-08-21,626
2025-08-22,605
2025-08-23,388
2025-08-24,371
2025-08-25,415
2025-08-26,407
2025-08-27,280
2025-08-28,221
2025-08-29,302
2025-08-30,195
2025-08-31,89
2025-09-01,38909
2025-09-02,17265
2025-09-03,7940
2025-09-04,4276
2025-09-05,3544
2025-09-06,3048
2025-09-07,2586
2025-09-08,2155
2025-09-09,1731
2025-09-10,3552
2025-09-11,7412
2025-09-12,2492
2025-09-13,2473
2025-09-14,1556
2025-09-15,67142
2025-09-16,14436
2025-09-17,1931
2025-09-18,9684
2025-09-19,6123
2025-09-20,4832
2025-09-21,903
2025-09-22,600
2025-09-23,1580
2025-09-24,1870
2025-09-25,819
2025-09-26,4191
2025-09-27,1645
2025-09-28,1060
2025-09-29,508
2025-09-30,480
2025-10-01,115
2025-10-02,137
2025-10-03,66
2025-10-04,4562
2025-10-05,563
2025-10-06,217
2025-10-07,145
2025-10-08,93
2025-10-09,103
2025-10-10,39
2025-10-11,28
2025-10-12,21
2025-10-13,72936
2025-10-14,10464
2025-10-15,400
2025-10-16,216
2025-10-17,140
